,Security Description,Security No.,Symbol,Exchange,Currency,Conv Rate,September 2024,August 2024,July 2024,June 2024,May 2024,April 2024,March 2024,February 2024,January 2024,December 2023,November 2023,October 2023,September 2023,August 2023,July 2023,June 2023,May 2023,April 2023,March 2023,February 2023,January 2023,December 2022,November 2022,October 2022,September 2022,August 2022,July 2022,June 2022,May 2022,April 2022,March 2022
0,AL RAJHI BANK COMMON STOCK SAR 10,B12LZH9,1120,TADAWUL,SAR,1.0,32585,32585,32585,32585,32585,43283,43283,43283,50214,48261,52402,52402,53763,53763,53763,53763,53763,53763,47835,47835,0,0,0,0,0,0,0,0,0,0,0
1,JPM GBP LIQUIDITY LVNAV X (DIST.),5819115,GBPGBP,FX_IDC,GBP,1.0,514330.73,514330.73,514330.73,514330.73,514330.73,514330.73,514330.73,514330.73,500786.64,1000786.64,1000786.64,1000786.64,1000786.64,1000786.64,785612.19,1000057.54,1000057.54,1000057.54,1005957.54,2029792.33,17002248.27,17002248.27,17002248.27,16981316.3,16981316.3,17068108.68,17073471.32,0,0,0,0
2,QATAR NATIONAL BANK QPSC COMMON STOCK QAR 1,6148197,QNBK,QSE,QAR,1.0,142756,142756,142756,117376,117376,117376,117376,131277,131277,131277,131277,131277,131277,145911,145911,145911,145911,145911,145911,145911,0,0,0,0,0,0,0,0,0,0,0
3,FIRSTRAND LTD COMMON STOCK ZAR 1,6606996,FSR,JSE,ZAC,1.0,121145,164763,164763,164763,164763,164763,164763,164763,164763,164763,164763,164763,193157,193157,193157,193157,165940,165940,159093,159093,0,0,0,0,0,0,0,0,0,0,0
4,SAUDI ARABIAN OIL CO COMMON STOCK SAR,BJTM270,2222,TADAWUL,SAR,1.0,73566,73566,73566,73566,73566,73566,73566,95550,95550,95550,95550,95550,84432,84432,84432,84432,84432,76757,76757,76757,0,0,0,0,0,0,0,0,0,0,0
5,NASPERS LTD COMMON STOCK ZAR 2,BN0VX82,NPN,JSE,ZAC,1.0,2142,2142,2142,2142,2142,0,0,2744,2744,2744,4185,4185,4185,0,0,0,0,0,0,0,0,0,0,0,0,0,0,0,0,0,0
6,STANDARD BANK GROUP LTD COMMON STOCK ZAR 10,B030GJ7,SBK,JSE,ZAC,1.0,35497,47354,47354,47354,47354,47354,47354,47354,47354,47354,47354,47354,54674,45012,45012,45012,45012,45012,45012,45012,0,0,0,0,0,0,0,0,0,0,0
7,EMAAR PROPERTIES PJSC COMMON STOCK AED 1,B01RM25,EMAAR,DFM,AED,1.0,210406,225483,225483,200673,200673,200673,200673,200673,200673,200673,200673,244040,244040,244040,244040,244040,244040,244040,244040,244040,0,0,0,0,0,0,0,0,0,0,0
8,GOLD FIELDS LTD COMMON STOCK ZAR 50,6280215,0QQ8,LSE,CHF,1.0,31177,31177,31177,31177,31177,31177,31177,31177,31177,31177,31177,31177,31177,31177,31177,31177,31177,31177,18714,18714,0,0,0,0,0,0,0,0,0,0,0
9,THE SAUDI NATIONAL BANK,BSHYYN1,1180,TADAWUL,SAR,1.0,51456,51456,51456,81271,81271,81271,81271,81271,81271,81271,81271,81271,84089,90825,90825,90825,90825,67786,67786,37122,0,0,0,0,0,0,0,0,0,0,0
10,OTP BANK NYRT COMMON STOCK HUF 100,7320154,OTP,PSECZ,CZK,1.0,8780,8780,8780,7639,7639,7639,7639,8859,8859,7889,7889,7889,7889,0,0,0,0,0,0,0,0,0,0,0,0,0,0,0,0,0,0
11,POWSZECHNA KASA OSZCZEDNOSCI BANK POLSKI SA COMMON STOCK PLN 1,B03NGS5,0DP0,LSE,PLN,1.0,29624,29624,29624,29624,29624,29624,24341,0,0,0,0,0,0,0,0,0,0,0,0,0,0,0,0,0,0,0,0,0,0,0,0
12,EMIRATES NBD BANK PJSC COMMON STOCK AED 1,B28PFX8,EMIRATESNBD,DFM,AED,1.0,78089,78089,94036,94036,94036,81600,81600,81600,81600,81600,81600,81600,81600,81600,0,0,0,0,0,0,0,0,0,0,0,0,0,0,0,0,0
13,HALYK SAVINGS BANK OF KAZAKHSTAN JSC GDR USD,B1KDG41,HSBK,LSE,USD,1.0,22007,22007,22007,22007,22007,22007,22007,22007,22007,24260,24260,24260,13529,0,0,0,0,0,0,0,0,0,0,0,0,0,0,0,0,842766,842766
14,ALINMA BANK COMMON STOCK SAR 10,B39NWT3,1150,TADAWUL,SAR,1.0,49901,49901,49901,49901,49901,49901,39921,39921,39921,35961,43770,43770,43770,43770,43770,43770,43770,43770,36677,36677,0,0,0,0,0,0,0,0,0,0,0
15,LUKOIL PJSC COMMON STOCK RUB 0.025 RUB,2H6442S,,,,1.0,362649,362649,362649,362649,362649,362649,362649,362649,362649,362649,362649,362649,362649,362649,362649,362649,362649,362649,362649,362649,362649,362649,362649,362649,362649,362649,362649,362649,362649,362649,362649
16,LUKOIL PJSC COMMON STOCK RUB,0H5797S,,,,1.0,262047,262047,262047,262047,262047,262047,262047,262047,262047,262047,262047,262047,262047,262047,262047,262047,262047,262047,262047,262047,262047,262047,262047,262047,262047,262047,262047,262047,262047,262047,262047
17,ABSA GROUP LTD,BFX05H3,ABG,JSE,ZAC,1.0,35367,35367,35367,35367,35367,35367,35367,35367,35367,35367,35367,35367,35367,35367,35367,35367,35367,35367,35367,35367,0,0,0,0,0,0,0,0,0,0,0
18,BANK POLSKA KASA OPIEKI SA COMMON STOCK PLN 1,5473113,0DP0,LSE,PLN,1.0,9088,9088,9088,9088,9088,7997,6274,0,0,0,0,0,0,0,0,0,0,0,0,0,0,0,0,0,0,0,0,0,0,0,0
19,RICHTER GEDEON NYRT COMMON STOCK HUF 100,BC9ZH86,0QFP,LSE,HUF,1.0,11178,11178,11178,11178,11178,11178,11178,11178,11178,11178,11178,0,0,0,0,0,0,0,0,0,0,0,0,0,0,0,0,0,0,0,0
20,SHOPRITE HOLDINGS LTD COMMON STOCK ZAR 113.4,6801575,HY7,JSE,ZAC,1.0,19991,19991,19991,19991,19991,19991,19991,23944,23944,23944,30074,30074,30074,30074,30074,30074,30074,30074,30074,30074,0,0,0,0,0,0,0,0,0,0,0
21,ABU DHABI COMMERCIAL BANK PJSC COMMON STOCK AED 1,6545464,ADCB,ADX,AED,1.0,148768,148768,148768,148768,148768,123763,123763,123763,123763,123763,123763,123763,123763,123763,123763,123763,123763,123763,123762,117633,0,0,0,0,0,0,0,0,0,0,0
22,NOVA LJUBLJANSKA BANKA DD GDR EUR,BGRPD22,55VX,LSE,EUR,1.0,12693,9893,9893,14028,14028,14028,12128,12128,12128,12128,12128,0,0,0,0,0,0,0,0,0,0,0,0,0,0,0,0,0,0,0,0
23,JSC KASPI.KZ GDR-REG S,BJY21K1,KKS,FWB,EUR,1.0,3119,2401,2401,2401,2401,2401,0,0,0,0,0,0,0,0,0,0,0,0,0,0,0,0,0,0,0,0,0,0,0,0,0
24,HARMONY GOLD MINING CO LTD COMMON STOCK ZAR 50,6410562,0J39,LSE,USD,1.0,31227,31227,31227,31227,31227,31227,27388,0,0,0,0,0,0,0,0,0,0,0,0,0,0,0,0,0,0,0,0,0,0,0,0
25,ELM CO COMMON STOCK SAR 10,BNYDSH8,7203,TADAWUL,SAR,1.0,1011,764,764,764,764,764,764,764,764,764,764,1033,1370,1677,2436,2436,2436,2436,1891,1891,0,0,0,0,0,0,0,0,0,0,0
26,ADNOC GAS PLC,BPJLW35,ADNOCGAS,ADX,AED,1.0,355644,355644,355644,355644,355644,299979,247235,247235,247235,247235,247235,153691,153691,153691,153691,153691,153691,153691,153691,0,0,0,0,0,0,0,0,0,0,0,0
27,ABU DHABI ISLAMIC BANK PJSC COMMON STOCK AED 1,6001728,ADIB,ADX,AED,1.0,88181,98209,98209,98209,98209,66726,66726,66726,66726,66726,66726,66726,66726,66726,66726,66726,66726,66726,66726,66726,0,0,0,0,0,0,0,0,0,0,0
28,NAC KAZATOMPROM JSC GDR USD,BGXQL36,KAP,LSE,USD,1.0,8205,8205,8205,8205,8205,8205,8205,0,0,0,0,0,0,0,0,0,0,0,0,0,0,0,0,0,0,0,0,0,0,65502,65502
29,JUMBO SA COMMON STOCK EUR 0.88,7243530,0LRI,LSIN,EUR,1.0,10435,10435,8071,8071,8071,11953,11953,11953,11953,11953,11953,11953,11953,16143,16143,16143,16143,16143,16143,9408,0,0,0,0,0,0,0,0,0,0,0
30,RIYAD BANK COMMON STOCK SAR 10,B12LZW4,1010,TADAWUL,SAR,1.0,44928,44928,44928,44928,44928,38596,38596,38596,38596,38596,38596,38596,38596,38596,38596,38596,38596,38596,38596,38596,0,0,0,0,0,0,0,0,0,0,0
31,LPP SA COMMON STOCK PLN 2,7127979,0LVL,LSE,PLN,1.0,71,71,71,71,71,71,50,50,50,50,50,0,0,0,0,0,0,0,0,0,0,0,0,0,0,0,0,0,0,0,0
32,EUROBANK ERGASIAS SERVICES AND HOLDINGS SA COMMON STOCK EUR 0.22,BYZ43T4,0RCP,LSIN,EUR,1.0,127190,127190,127190,127190,127190,127190,127190,127190,127190,0,0,0,0,0,0,0,0,0,0,0,0,0,0,0,0,0,0,0,0,0,0
33,SAUDI TELECOM CO COMMON STOCK,B12M7Q5,7010,TADAWUL,SAR,1.0,24635,24635,24635,24635,24635,47333,47333,52618,52618,52618,52618,52618,52618,40325,40325,40325,40325,40325,40325,40325,0,0,0,0,0,0,0,0,0,0,0
34,GAZPROM PJSC COMMON STOCK RUB,0H5796S,,,,1.0,8860909,8860909,8860909,8860909,8860909,8860909,8860909,8860909,8860909,8860909,8860909,8860909,8860909,8860909,8860909,8860909,8860909,8860909,8860909,8860909,8860909,8860909,8860909,8860909,8860909,8860909,8860909,8860909,8860909,8860909,8860909
35,GAZPROM PJSC ADR,0H6364S,,,,1.0,5365084,5365084,5365084,5365084,5365084,5365084,5365084,5365084,5365084,5365084,5365084,5365084,5365084,5365084,5365084,5365084,5365084,5365084,5365084,5365084,5365084,5365084,5365084,5365084,5365084,5365084,5365084,5365084,5365084,5365084,5365084
36,SANLAM LTD COMMON STOCK ZAR 1,B0L6750,SLM,JSE,ZAC,1.0,55547,55547,95185,95185,95185,95185,95185,95185,95185,95185,95185,95185,95185,95185,95185,95185,95185,95185,95185,95185,0,0,0,0,0,0,0,0,0,0,0
37,ADNOC DRILLING CO PJSC COMMON STOCK AED,BN12D39,ADNOCDRILL,ADX,AED,1.0,222461,250715,250715,250715,250715,250715,250715,250715,250715,250715,250715,250715,250715,309743,309743,309743,309743,309743,309743,309743,0,0,0,0,0,0,0,0,0,0,0
38,SBERBANK OF RUSSIA PJSC PREFERENCE RUB 3,0H5856S,,,,1.0,14455036,14455036,14455036,14455036,14455036,14455036,14455036,14455036,14455036,14455036,14455036,14455036,14455036,14455036,14455036,14455036,14455036,14455036,14455036,14455036,14455036,14455036,14455036,14455036,14455036,14455036,14455036,14455036,14455036,14455036,14455036
39,SBERBANK OF RUSSIA PJSC,0H5855S,,,,1.0,2355925,2355925,2355925,2355925,2355925,2355925,2355925,2355925,2355925,2355925,2355925,2355925,2355925,2355925,2355925,2355925,2355925,2355925,2355925,2355925,2355925,2355925,2355925,2355925,2355925,2355925,2355925,2355925,2355925,2355925,2355925
40,CLICKS GROUP LTD COMMON STOCK ZAR 1,6105578,CLS,JSE,ZAC,1.0,11541,11541,11541,11541,11541,11541,11541,13624,13624,13624,13624,22972,22972,22972,22972,20411,6332,6332,6332,6332,0,0,0,0,0,0,0,0,0,0,0
41,TBC BANK GROUP PLC COMMON STOCK GBP 1,BYT1830,TBCG,LSE,GBX,1.0,7421,7421,7421,7421,7421,7421,7421,7421,7421,7421,7421,7421,3504,0,0,0,0,0,0,0,0,0,0,0,0,0,0,0,0,0,0
42,LEEJAM SPORTS CO JSC COMMON STOCK SAR 10,BF12ZV5,1830,TADAWUL,SAR,1.0,4537,4537,4537,4537,4537,2904,2904,2904,2904,2904,2904,6125,6125,6125,7955,7955,7955,7955,7955,7955,0,0,0,0,0,0,0,0,0,0,0
43,DUBAI ELECTRICITY & WATER AU,BJLTVJ4,DEWA,DFM,AED,1.0,361140,361140,361140,361140,361140,361140,361140,292031,292031,292031,292031,292031,292031,292031,292031,292031,292031,292031,292031,292031,0,0,0,0,0,0,0,0,0,0,0
44,SAUDI ARAMCO BASE OIL CO COMMON STOCK SAR 10,BMDKMB5,2223,TADAWUL,SAR,1.0,7008,7008,7008,7008,7008,0,0,0,0,0,0,0,0,0,0,0,0,0,0,0,0,0,0,0,0,0,0,0,0,0,0
45,DUBAI ISLAMIC BANK PJSC COMMON STOCK AED 1,6283452,DIB,DFM,AED,1.0,144384,144384,144384,144384,144384,144384,144384,144384,144384,144384,144384,144384,144384,144384,144384,144384,144384,144384,144384,0,0,0,0,0,0,0,0,0,0,0,0
46,BANK OF GEORGIA GROUP PLC COMMON STOCK GBP 1,BF4HYT8,BGEO,LSE,GBX,1.0,4992,4992,4992,4992,4992,4992,4992,4992,4992,3884,0,0,0,0,0,0,0,0,0,0,0,0,0,0,0,0,0,0,0,0,0
47,PARKIN CO PJSC COMMON STOCK AED 0.02,BRRGQF6,PARKIN,DFM,AED,1.0,234924,234924,234924,234924,0,0,0,0,0,0,0,0,0,0,0,0,0,0,0,0,0,0,0,0,0,0,0,0,0,0,0
48,ALDAR PROPERTIES PJSC COMMON STOCK AED 1,B0LX3Y2,ALDAR,ADX,AED,1.0,118206,161482,202697,172191,172191,172191,172191,172191,172191,172191,172191,226609,226609,226609,226609,226609,226609,226609,226609,226609,0,0,0,0,0,0,0,0,0,0,0
49,BIDVEST GROUP LTD/THE COMMON STOCK ZAR 5,6100089,BST,JSE,ZAC,1.0,14151,14151,14151,14151,14151,14151,14151,16665,16665,16665,16665,16665,16665,16665,16665,16665,12293,12293,12293,12293,0,0,0,0,0,0,0,0,0,0,0
50,NATIONAL BANK OF GREECE SA COMMON STOCK EUR 1,BG087C6,0RCR,LSIN,EUR,1.0,28042,28042,28042,28042,28042,40671,40671,40671,40671,40671,40671,0,0,0,0,0,0,0,0,0,0,0,0,0,0,0,0,0,0,0,0
51,QATAR GAS TRANSPORT CO LTD COMMON STOCK QAR 1,B0MLBC9,QGTS,QSE,QAR,1.0,196322,196322,196322,196322,196322,196322,196322,196322,196322,196322,196322,196322,196322,196322,196322,196322,196322,196322,196322,196322,0,0,0,0,0,0,0,0,0,0,0
52,TURK HAVA YOLLARI AO COMMON STOCK TRY 1,B03MYK0,THYAO,BIST,TRY,1.0,27950,27950,27950,22901,22901,0,0,0,0,0,0,0,0,0,0,0,0,0,0,0,0,0,0,0,0,0,0,0,0,0,0
53,TUPRAS-TURKIYE PETROL RAFINE,B03MYT9,TUPRS,BIST,TRY,1.0,50663,70158,70158,70158,92792,92792,92792,92792,92792,0,0,0,0,0,0,0,0,0,0,0,0,0,0,0,0,0,0,0,0,0,0
54,UNITED INTERNATIONAL TRANSPORTATION CO COMMON STOCK SAR 10,B2493D0,4260,TADAWUL,SAR,1.0,9725,9725,9725,9725,9725,9725,9725,9725,9725,9725,9725,9725,9725,13199,13199,13199,13199,13199,13199,13199,0,0,0,0,0,0,0,0,0,0,0
55,METLEN ENERGY & METALS SA COMMON STOCK EUR 0.97,5898664,0KAZ,LSIN,EUR,1.0,5598,5598,5598,5598,5598,5598,5598,5598,5598,5598,5598,5598,5598,0,0,0,0,0,0,0,0,0,0,0,0,0,0,0,0,0,0
56,BIM BIRLESIK MAGAZALAR AS COMMON STOCK TRY 1,B0D0006,BMSTL,BIST,TRY,1.0,15181,15181,15181,15181,15181,0,0,0,0,0,0,0,0,0,0,0,0,0,0,0,0,0,0,0,0,0,0,0,0,0,0
57,MAGYAR TELEKOM TELECOMMUNICATIONS PLC COMMON STOCK HUF 100,4577469,0NUG,LSE,HUF,1.0,74864,74864,74864,74864,74864,74864,74864,74864,74864,0,0,0,0,0,0,0,0,0,0,0,0,0,0,0,0,0,0,0,0,0,0
58,KRUK SA COMMON STOCK PLN 1,B4PTLY0,0Q3Y,LSIN,PLN,1.0,1892,1892,1892,1892,1892,1892,1892,1892,1892,1892,1892,1892,1892,2526,2526,2526,2526,2526,2526,2526,0,0,0,0,0,0,0,0,0,0,0
59,MOTOR OIL HELLAS CORINTH REFINERIES SA COMMON STOCK EUR 0.75,5996234,0MQT,LSIN,EUR,1.0,9203,9203,9203,9203,9203,9203,9203,9203,9203,9203,11566,11566,11566,14056,14056,14056,14056,14056,14056,14056,0,0,0,0,0,0,0,0,0,0,0
60,HELLENIC TELECOMMUNICATIONS ORGANIZATION SA COMMON STOCK EUR 2.83,5051605,0FIZ,LSIN,EUR,1.0,12548,12548,12548,12548,12548,12548,12548,12548,12548,12548,12548,12548,12548,12548,12017,0,0,0,7713,11659,0,0,0,0,0,0,0,0,0,0,0
61,RIYADH CABLES GROUP CO COMMON STOCK SAR 10,BNBPXW7,4142,TADAWUL,SAR,1.0,8057,8057,8057,8057,8057,8057,8057,8057,8057,8057,11272,11272,20915,24353,24353,14849,14849,14849,14849,14849,0,0,0,0,0,0,0,0,0,0,0
62,POWSZECHNY ZAKLAD UBEZPIECZEN SA COMMON STOCK PLN 0.1,B63DG21,,,,1.0,19378,19378,0,0,0,28551,24876,24876,24876,19935,19935,0,0,0,0,0,0,0,0,0,0,0,0,0,0,0,0,0,0,0,0
63,MOTUS HOLDINGS LTD COMMON STOCK ZAR,BDRN3H0,MTH,JSE,ZAC,1.0,30065,30065,30065,30065,30065,20379,20379,20379,20379,20379,20379,20379,20379,20379,20379,20379,20379,20379,20379,20379,0,0,0,0,0,0,0,0,0,0,0
64,ADES HOLDING CO COMMON STOCK SAR 1,BR56KM3,2382,TADAWUL,SAR,1.0,39150,39150,39150,39150,39150,39150,39150,39150,39150,39150,39150,39150,100456,0,0,0,0,0,0,0,0,0,0,0,0,0,0,0,0,0,0
65,SALIK CO PJSC COMMON STOCK AED 0.01,BJN5952,SALIK,DFM,AED,1.0,187852,187852,187852,187852,187852,187852,187852,187852,187852,187852,187852,187852,187852,256601,256601,256601,256601,256601,256601,256601,0,0,0,0,0,0,0,0,0,0,0
66,PIRAEUS FINANCIAL HOLDINGS SA COMMON STOCK EUR 0.93,BNC0DB0,0RTY,LSIN,EUR,1.0,48227,48227,48227,48227,48227,48227,48227,61281,61281,61281,61281,0,0,0,0,0,0,0,0,0,0,0,0,0,0,0,0,0,0,0,0
67,TECOM GROUP PJSC COMMON STOCK AED,BLDC8Q1,TECOM,DFM,AED,1.0,234111,234111,234111,234111,234111,234111,234111,0,0,0,0,0,0,0,0,0,0,0,0,0,0,0,0,0,0,0,0,0,0,0,0
68,OPAP SA COMMON STOCK EUR 0.3,7107250,0FI1,LSIN,EUR,1.0,11282,11282,11282,11282,11282,11282,11282,11282,11282,11282,11282,11282,11282,22069,22069,22069,22069,22069,22069,17710,0,0,0,0,0,0,0,0,0,0,0
69,AKBANK TAS COMMON STOCK TRY 1,B03MN70,AKBNK,BIST,TRY,1.0,111134,111134,111134,111134,111134,0,0,0,0,0,0,0,0,0,0,0,0,0,0,0,0,0,0,0,0,0,0,0,0,0,0
70,KOMERCNI BANKA AS COMMON STOCK CZK 100,4519449,0IKH,LSIN,CZK,1.0,5652,5652,5652,5652,5652,5652,5652,5652,5652,5652,5652,5652,5652,5652,5652,5652,5652,5652,5652,5652,0,0,0,0,0,0,0,0,0,0,0
71,FOSCHINI GROUP LTD/THE COMMON STOCK ZAR 1.25,6349688,,,,1.0,22044,0,0,0,0,0,0,0,0,0,0,0,0,0,0,0,23970,23970,23970,23970,0,0,0,0,0,0,0,0,0,0,0
72,ALKHORAYEF WATER & POWER TECHNOLOGIES CO COMMON STOCK SAR 10,BN33QN1,2081,TADAWUL,SAR,1.0,4593,4593,4593,4593,4593,0,0,0,0,0,0,0,0,0,0,0,0,0,0,0,0,0,0,0,0,0,0,0,0,0,0
73,OOREDOO QPSC COMMON STOCK QAR 1,6158174,OOREDOO,KSE,KWF,1.0,60427,60427,60427,60427,60427,60427,60427,60427,60427,60427,60427,60427,60427,60427,60427,60427,0,0,0,0,0,0,0,0,0,0,0,0,0,0,0
74,ADNOC LOGISTICS & SERVICES COMMON STOCK AED,BRBN103,ADNOCLS,ADX,AED,1.0,133931,133931,133931,133931,133931,133931,133931,133931,133931,133931,0,0,0,0,0,0,0,0,0,0,0,0,0,0,0,0,0,0,0,0,0
75,SAUDIA DAIRY & FOODSTUFF CO COMMON STOCK SAR 10,B133P41,,,,1.0,1924,0,0,0,0,0,0,0,0,0,0,0,0,0,0,0,0,0,0,0,0,0,0,0,0,0,0,0,0,0,0
76,AVI LTD COMMON STOCK ZAR 5,6040958,AVI,JSE,ZAC,1.0,30154,30154,30154,30154,30154,30154,30154,37161,37161,33462,33462,33462,55575,55575,55575,55575,55575,55575,55575,55575,0,0,0,0,0,0,0,0,0,0,0
77,TURKIYE GARANTI BANKASI AS COMMON STOCK TRY 1,B03MYP5,,,,1.0,53407,0,0,0,0,0,0,0,0,0,0,0,0,0,0,0,0,0,0,0,0,0,0,0,0,0,0,0,0,0,0
78,NOVATEK PJSC COMMON STOCK RUB 0.1,2H6464S,,,,1.0,1268490,1268490,1268490,1268490,1268490,1268490,1268490,1268490,1268490,1268490,1268490,1268490,1268490,1268490,1268490,1268490,1268490,1268490,1268490,1268490,1268490,1268490,1268490,1268490,1268490,1268490,0,0,0,0,0
79,NOVATEK PJSC COMMON STOCK RUB 0.1,0H5828S,,,,1.0,103572,103572,103572,103572,103572,103572,103572,103572,103572,103572,103572,103572,103572,103572,103572,103572,103572,103572,103572,103572,103572,103572,103572,103572,103572,103572,103572,103572,103572,103572,103572
80,SAUDI AWWAL BANK COMMON STOCK SAR 10,B12LSY7,1060,TADAWUL,SAR,1.0,20423,20423,20423,20423,20423,20423,20423,20423,20423,20423,20423,20423,20423,20423,20423,20423,20423,20423,20423,20423,0,0,0,0,0,0,0,0,0,0,0
81,ARABIAN CENTRES CO COMMON STOCK SAR 10,BKBF694,4321,TADAWUL,SAR,1.0,31957,31957,31957,31957,31957,24782,24782,24782,24782,24782,24782,24782,24782,24782,24782,0,0,0,0,0,0,0,0,0,0,0,0,0,0,0,0
82,ALPHA SERVICES AND HOLDINGS SA COMMON STOCK EUR 0.29,BZ1MXR7,0RCS,LSIN,EUR,1.0,105464,105464,105464,105464,105464,105464,105464,105464,105464,105464,0,0,0,0,0,0,0,0,0,0,0,0,0,0,0,0,0,0,0,0,0
83,MOL HUNGARIAN OIL & GAS PLC COMMON STOCK HUF 125,BD5ZXH8,0RUK,LSIN,HUF,1.0,23384,23384,30929,30929,30929,30929,30929,30929,30929,30929,30929,30929,0,0,0,0,0,0,0,0,0,0,0,0,0,0,0,0,0,0,0
84,CO FOR COOPERATIVE INSURANCE/THE COMMON STOCK SAR 10,B128FN6,,,,1.0,4403,4403,4403,0,0,0,0,0,0,0,0,0,0,0,0,0,0,0,0,0,0,0,0,0,0,0,0,0,0,0,0
85,MMC NORILSK NICKEL PJSC COMMON STOCK RUB 1,0H5804S,GMKN,ALOR,RUB,1.0,7119200,7119200,7119200,7119200,7119200,7119200,71192,71192,71192,71192,71192,71192,71192,71192,71192,71192,71192,71192,71192,71192,71192,71192,71192,71192,71192,71192,71192,71192,71192,71192,71192
86,BANCA TRANSILVANIA SA COMMON STOCK RON 1,5393307,0DP9,LSIN,RON,1.0,27608,42467,42467,36992,36992,36992,36992,36992,36992,36992,36992,36992,36992,49478,49478,43841,43841,43841,43841,43841,0,0,0,0,0,0,0,0,0,0,0
87,TURKCELL ILETISIM HIZMET AS,B03MYN3,TCELL,BIST,TRY,1.0,61090,61090,61090,61090,0,0,0,0,0,0,0,0,0,0,0,0,0,0,0,0,0,0,0,0,0,0,0,0,0,0,0
88,TURKIYE SIGORTA AS COMMON STOCK TRY 1,B03MTD8,RAYSG,BIST,TRY,1.0,453680,453680,105392,105392,105392,105392,85179,85179,0,0,0,0,0,0,0,0,0,0,0,0,0,0,0,0,0,0,0,0,0,0,0
89,ALDREES PETROLEUM AND TRANSPORT SERVICES CO COMMON STOCK SAR 10,B128FF8,4200,TADAWUL,SAR,1.0,4570,4570,4570,4570,4570,3428,3428,3428,3428,3428,3428,3428,3428,0,0,0,0,0,0,0,0,0,0,0,0,0,0,0,0,0,0
90,YAPI VE KREDI BANKASI AS COMMON STOCK TRY 1,B03MZJ6,YKBNK,BIST,TRY,1.0,165133,165133,165133,165133,0,0,0,0,0,0,0,0,0,0,0,0,0,0,0,0,0,0,0,0,0,0,0,0,0,0,0
91,ERSTE GROUP BANK AG COMMON STOCK EUR 0,5289837,0MJK,LSIN,EUR,1.0,2657,2657,2657,2657,2657,2657,2657,2657,2657,0,0,0,0,0,0,0,0,0,0,0,0,0,0,0,0,0,0,0,0,0,0
92,BUPA ARABIA FOR COOPERATIVE INSURANCE CO COMMON STOCK SAR 10,B2RLCR0,8210,TADAWUL,SAR,1.0,2526,2526,2526,2526,2526,2526,2526,2526,2526,2526,2526,0,0,0,0,0,0,0,0,0,0,0,0,0,0,0,0,0,0,0,0
93,ROSNEFT OIL CO PJSC COMMON STOCK RUB 0.01,0H5827S,,,,1.0,2041744,2041744,2041744,2041744,2041744,2041744,2041744,2041744,2041744,2041744,2041744,2041744,2041744,2041744,2041744,2041744,2041744,2041744,2041744,2041744,2041744,2041744,2041744,2041744,2041744,2041744,2041744,2041744,2041744,2041744,2041744
94,ROSNEFT OIL CO PJSC COMMON STOCK RUB,2H7674S,,,,1.0,1677948,1677948,1677948,1677948,1677948,1677948,1677948,1677948,1677948,1677948,1677948,1677948,1677948,1677948,1677948,1677948,1677948,1677948,1677948,1677948,1677948,1677948,1677948,1677948,1677948,1677948,1677948,1677948,1677948,1677948,1677948
95,SARANTIS SA EUR1.53,7124958,,,,1.0,10086,0,0,0,0,0,0,0,0,0,0,0,0,0,0,0,0,0,0,0,0,0,0,0,0,0,0,0,0,0,0
96,RAIFFEISEN BANK INTERNATIONAL AG COMMON STOCK EUR 0,B0704T9,0NXR,LSIN,EUR,1.0,5361,5361,5361,5361,5361,5361,5361,5361,0,0,0,0,0,0,0,0,0,0,0,0,0,0,0,0,0,0,0,0,0,0,0
97,ARABIAN DRILLING CO COMMON STOCK SAR 10,BPNZYP9,2381,TADAWUL,SAR,1.0,3385,3385,3385,3385,3385,3385,3385,3385,3385,4813,4813,4813,4813,5994,5994,5994,5994,5994,5994,0,0,0,0,0,0,0,0,0,0,0,0
98,NOVOLIPETSK STEEL PJSC COMMON STOCK RUB,2H7675S,NLMK,ALOR,RUB,1.0,3657350,3657350,3657350,3657350,3657350,3657350,3657350,3657350,3657350,3657350,3657350,3657350,3657350,3657350,3657350,3657350,3657350,3657350,3657350,3657350,3657350,3657350,3657350,3657350,3657350,3657350,0,0,0,0,0
99,MAGNIT PJSC COMMON STOCK RUB 0.01,0H5813S,MGNT,ALOR,RUB,1.0,180877,180877,180877,180877,180877,180877,180877,180877,180877,180877,180877,180877,180877,180877,180877,180877,180877,180877,180877,180877,180877,180877,180877,180877,180877,180877,180877,180877,180877,180877,180877
100,GAZPROM NEFT PJSC COMMON STOCK RUB,0H5803S,SIBN,ALOR,RUB,1.0,1265335,1265335,1265335,1265335,1265335,1265335,1265335,1265335,1265335,1265335,1265335,1265335,1265335,1265335,1265335,1265335,1265335,1265335,1265335,1265335,1265335,1265335,1265335,1265335,1265335,1265335,1265335,1265335,1265335,1265335,1265335
101,TATNEFT PJSC COMMON STOCK RUB,0H5822S,,,,1.0,730066,730066,730066,730066,730066,730066,730066,730066,730066,730066,730066,730066,730066,730066,730066,730066,730066,730066,730066,730066,730066,730066,730066,730066,730066,730066,730066,730066,730066,730066,730066
102,TATNEFT PJSC PREFERENCE RUB 1,0H5816S,,,,1.0,571359,571359,571359,571359,571359,571359,571359,571359,571359,571359,571359,571359,571359,571359,571359,571359,571359,571359,571359,571359,571359,571359,571359,571359,571359,571359,571359,571359,571359,571359,571359
103,ROSTELECOM PJSC COMMON STOCK RUB,0H5802S,RTKM,ALOR,RUB,1.0,6156103,6156103,6156103,6156103,6156103,6156103,6156103,6156103,6156103,6156103,6156103,6156103,6156103,6156103,6156103,6156103,6156103,6156103,6156103,6156103,6156103,6156103,6156103,6156103,6156103,6156103,6156103,6156103,6156103,6156103,6156103
104,VTB BANK PJSC COMMON STOCK RUB 0.01,0H5837S,VTBR,ALOR,RUB,1.0,4246654,4246654,4246654,21233273216,21233273216,21233273216,21233273216,21233273216,21233273216,21233273216,21233273216,21233273216,21233273216,21233273216,21233273216,21233273216,21233273216,21233273216,21233273216,21233273216,21233273216,21233273216,21233273216,21233273216,21233273216,21233273216,21233273216,21233273216,21233273216,21233273216,21233273216
105,POLYUS PJSC COMMON STOCK RUB,2H7182S,PLZL,ALOR,RUB,1.0,29773,29773,29773,29773,29773,29773,29773,29773,29773,29773,29773,29773,29773,29773,29773,29773,29773,29773,29773,29773,29773,29773,29773,29773,29773,29773,0,0,0,0,0
106,YANDEX NV COMMON STOCK USD 0.01,0H6379S,YDEX,ALOR,RUB,1.0,169819,169819,169819,169819,169819,169819,169819,169819,169819,169819,169819,169819,169819,169819,169819,169819,169819,169819,169819,169819,169819,169819,169819,169819,169819,169819,169819,169819,169819,169819,169819
107,MD MEDICAL GROUP INVESTMENTS PLC GDR USD,0H6371S,MDMG,ALOR,RUB,1.0,432517,432517,432517,432517,432517,432517,432517,432517,432517,432517,432517,432517,432517,432517,432517,432517,432517,432517,432517,432517,432517,432517,432517,432517,432517,432517,432517,432517,432517,432517,432517
108,SISTEMA PJSFC COMMON STOCK RUB 0.09,0H5808S,AFKS,ALOR,RUB,1.0,12313057,12313057,12313057,12313057,12313057,12313057,12313057,12313057,12313057,12313057,12313057,12313057,12313057,12313057,12313057,12313057,12313057,12313057,12313057,12313057,12313057,12313057,12313057,12313057,12313057,12313057,12313057,12313057,12313057,12313057,12313057
109,FIX PRICE GROUP LTD GDR,0H6372S,FIXP,ALOR,RUB,1.0,577525,577525,577525,577525,577525,577525,577525,577525,577525,577525,577525,577525,577525,577525,577525,577525,577525,577525,577525,577525,577525,577525,577525,577525,577525,577525,577525,577525,577525,577525,577525
110,TCS GROUP HOLDING PLC GDR,0H6380S,TCSG,ALOR,RUB,1.0,75226,75226,75226,75226,75226,75226,75226,75226,75226,75226,75226,75226,75226,75226,75226,75226,75226,75226,75226,75226,75226,75226,75226,75226,75226,75226,75226,75226,75226,75226,75226
111,X 5 RETAIL GROUP NV-REGS GDR,0H6365S,FIVE,ALOR,RUB,1.0,275182,275182,275182,275182,275182,275182,275182,275182,275182,275182,275182,275182,275182,275182,275182,275182,275182,275182,275182,275182,275182,275182,275182,275182,275182,275182,275182,275182,275182,275182,275182
112,SEVERSTAL PAO GDR USD,0H6368S,CHMF,ALOR,RUB,1.0,552780,552780,552780,552780,552780,552780,552780,552780,552780,552780,552780,552780,552780,552780,552780,552780,552780,552780,552780,552780,552780,552780,552780,552780,552780,552780,552780,552780,552780,552780,552780
113,BID CORP LTD COMMON STOCK ZAR,BZBFKT7,BID,JSE,ZAC,1.0,0,7428,7428,7428,7428,7428,7428,7428,16358,16358,16358,18315,18315,18315,18315,18315,18315,18315,18315,18315,0,0,0,0,0,0,0,0,0,0,0
114,DUBAI TAXI CO PJSC COMMON STOCK AED 0.04,BQ7VXK8,,,,1.0,0,0,0,0,279893,279893,279893,0,0,0,0,0,0,0,0,0,0,0,0,0,0,0,0,0,0,0,0,0,0,0,0
115,LUMI RENTAL CO COMMON STOCK SAR 10,BN4J940,,,,1.0,0,0,0,0,5534,5534,5534,0,0,0,0,0,0,0,0,0,0,0,0,0,0,0,0,0,0,0,0,0,0,0,0
116,ETIHAD ETISALAT CO COMMON STOCK SAR 10,B12LR51,,,,1.0,0,0,0,0,0,19263,19263,19263,19263,19263,19263,19263,19263,19263,19263,19263,19263,19263,19263,19263,0,0,0,0,0,0,0,0,0,0,0
117,MOUWASAT MEDICAL SERVICES CO COMMON STOCK SAR 10,B403QG4,,,,1.0,0,0,0,0,0,5665,5665,7386,7386,7386,7386,7386,7386,7386,3693,3693,3693,3693,3693,3693,0,0,0,0,0,0,0,0,0,0,0
118,JARIR MARKETING CO COMMON STOCK SAR 1,B128FM5,,,,1.0,0,0,0,0,0,49840,49840,49840,49840,49840,49840,49840,49840,49840,49840,49840,49840,4984,4984,4984,0,0,0,0,0,0,0,0,0,0,0
119,ARABIAN CONTRACTING SERVICES CO COMMON STOCK SAR,BP4DC81,,,,1.0,0,0,0,0,0,2940,2940,2940,2940,3798,3798,3798,5524,6612,6612,6612,6612,6612,6612,6612,0,0,0,0,0,0,0,0,0,0,0
120,FIRST ABU DHABI BANK PJSC COMMON STOCK AED 1,6624471,,,,1.0,0,0,0,0,0,49360,49360,49360,49360,49360,49360,49360,49360,49360,49360,49360,49360,49360,49360,49360,0,0,0,0,0,0,0,0,0,0,0
121,JSC KASPI.KZ GDR-REG S,BMXZ8G7,,,,1.0,0,0,0,0,0,0,2401,2401,2401,1902,1902,1902,1902,0,0,0,0,0,0,0,0,0,0,0,0,0,0,0,0,97567,97567
122,PARKIN CO PJSC COMMON STOCK AED 0.02,WB1B623,,,,1.0,0,0,0,0,0,0,210042,0,0,0,0,0,0,0,0,0,0,0,0,0,0,0,0,0,0,0,0,0,0,0,0
123,MODERN MILLS CO COMMON STOCK SAR 10,BSLKY24,,,,1.0,0,0,0,0,0,0,4655,0,0,0,0,0,0,0,0,0,0,0,0,0,0,0,0,0,0,0,0,0,0,0,0
124,HUMANSOFT HOLDING CO KSC COMMON STOCK KWD 100,B13BYX7,,,,1.0,0,0,0,0,0,0,5047,18169,18169,13053,13053,18372,18372,18372,18372,18372,0,0,0,0,0,0,0,0,0,0,0,0,0,0,0
125,SAUDI BASIC INDUSTRIES CORP COMMON STOCK SAR 10,B1324D0,,,,1.0,0,0,0,0,0,0,0,12384,12384,12384,12384,13843,13843,30265,30265,30265,30265,30265,30265,30265,0,0,0,0,0,0,0,0,0,0,0
126,ANGLOGOLD ASHANTI PLC ZAR,BRF6FX9,,,,1.0,0,0,0,0,0,0,0,9355,9355,13785,13785,13785,13785,0,0,0,0,0,0,0,0,0,0,0,0,0,0,0,0,0,0
127,MONETA MONEY BANK AS COMMON STOCK CZK 20,BD3CQ16,,,,1.0,0,0,0,0,0,0,0,34487,0,0,0,0,0,0,0,0,0,0,0,0,0,0,0,0,0,0,0,0,0,0,0
128,AL ANSARI FINANCIAL SERVICES PJSC COMMON STOCK AED,BMWB101,,,,1.0,0,0,0,0,0,0,0,498960,498960,498960,498960,498960,498960,498960,721867,721867,721867,721867,1539241,0,0,0,0,0,0,0,0,0,0,0,0
129,MTN GROUP LTD COMMON STOCK ZAR 0.01,6563206,,,,1.0,0,0,0,0,0,0,0,0,61285,74251,74251,0,0,0,0,0,0,0,0,0,0,0,0,0,0,0,0,0,0,0,0
130,VODACOM GROUP LTD COMMON STOCK ZAR,B65B4D0,,,,1.0,0,0,0,0,0,0,0,0,40456,40456,40456,40456,40456,40456,40456,40456,40456,40456,40456,40456,0,0,0,0,0,0,0,0,0,0,0
131,SAHARA INTERNATIONAL PETROCHEMICAL CO COMMON STOCK SAR 10,B1C1NH5,,,,1.0,0,0,0,0,0,0,0,0,0,22211,22211,22211,22211,22211,22211,0,0,0,0,0,0,0,0,0,0,0,0,0,0,0,0
132,ADNOC LOGISTICS & SERVICES COMMON STOCK AED,6H9334S,,,,1.0,0,0,0,0,0,0,0,0,0,0,133931,133931,133931,133931,133931,133931,133931,0,0,0,0,0,0,0,0,0,0,0,0,0,0
133,INDUSTRIES QATAR QSC COMMON STOCK QAR 1,6673570,,,,1.0,0,0,0,0,0,0,0,0,0,0,0,71649,71649,71649,71649,71649,149253,149253,149253,149253,0,0,0,0,0,0,0,0,0,0,0
134,OLD MUTUAL LTD COMMON STOCK ZAR,BDVPYN5,,,,1.0,0,0,0,0,0,0,0,0,0,0,0,300201,300201,300201,300201,300201,300201,300201,300201,300201,0,0,0,0,0,0,0,0,0,0,0
135,OUTSURANCE GROUP LTD COMMON STOCK ZAR 0.0001,BN6QSM0,,,,1.0,0,0,0,0,0,0,0,0,0,0,0,78324,78324,78324,78324,78324,78324,78324,78324,78324,0,0,0,0,0,0,0,0,0,0,0
136,WOOLWORTHS HOLDINGS LTD/SOUTH AFRICA COMMON STOCK ZAR 0,B06KZ97,,,,1.0,0,0,0,0,0,0,0,0,0,0,0,43702,43702,43702,43702,43702,43702,43702,43702,43702,0,0,0,0,0,0,0,0,0,0,0
137,FERTIGLOBE PLC COMMON STOCK,BMXCL70,,,,1.0,0,0,0,0,0,0,0,0,0,0,0,0,174489,174489,174489,174489,174489,174489,174489,174489,0,0,0,0,0,0,0,0,0,0,0
138,SIBANYE STILLWATER LTD COMMON STOCK ZAR,BL0L913,,,,1.0,0,0,0,0,0,0,0,0,0,0,0,0,99566,99566,99566,99566,99566,99566,99566,99566,0,0,0,0,0,0,0,0,0,0,0
139,ANGLO AMERICAN PLC COMMON STOCK GBP 0.54945,B1XZS82,,,,1.0,0,0,0,0,0,0,0,0,0,0,0,0,4733,4733,4733,4733,4733,4733,4733,4733,0,0,0,0,0,0,0,0,0,0,0
140,DETSKY MIR PJSC COMMON STOCK RUB 0.0004,0H5850S,,,,1.0,0,0,0,0,0,0,0,0,0,0,0,0,4003270,4003270,4003270,4003270,4003270,4003270,4003270,4003270,4003270,4003270,4003270,4003270,4003270,4003270,4003270,4003270,4003270,4003270,4003270
141,NASPERS LTD COMMON STOCK ZAR 2,6622691,,,,1.0,0,0,0,0,0,0,0,0,0,0,0,0,0,4185,4185,4185,4185,4185,4185,4185,0,0,0,0,0,0,0,0,0,0,0
142,ANGLOGOLD ASHANTI LTD COMMON STOCK ZAR 25,6565655,,,,1.0,0,0,0,0,0,0,0,0,0,0,0,0,0,13785,13785,13785,13785,13785,10323,10323,0,0,0,0,0,0,0,0,0,0,0
143,IMPALA PLATINUM HOLDINGS LTD COMMON STOCK ZAR 0,B1FFT76,,,,1.0,0,0,0,0,0,0,0,0,0,0,0,0,0,33471,33471,33471,33471,33471,28379,28379,0,0,0,0,0,0,0,0,0,0,0
144,GRUPA KETY SA COMMON STOCK PLN 2.5,5216385,,,,1.0,0,0,0,0,0,0,0,0,0,0,0,0,0,0,1672,1672,1672,1672,1672,1672,0,0,0,0,0,0,0,0,0,0,0
145,SABIC AGRI-NUTRIENTS CO COMMON STOCK SAR 10,B1323K0,,,,1.0,0,0,0,0,0,0,0,0,0,0,0,0,0,0,0,8567,8567,8567,8567,8567,0,0,0,0,0,0,0,0,0,0,0
146,TEN SQUARE GAMES SA COMMON STOCK PLN 0.1,BFZCQ74,,,,1.0,0,0,0,0,0,0,0,0,0,0,0,0,0,0,0,3244,3244,3244,3244,3244,0,0,0,0,0,0,0,0,0,0,0
147,STS HOLDING SA COMMON STOCK PLN,BMFCKF9,,,,1.0,0,0,0,0,0,0,0,0,0,0,0,0,0,0,0,0,48489,48489,48489,48489,0,0,0,0,0,0,0,0,0,0,0
148,MR PRICE GROUP LTD COMMON STOCK ZAR 0.025,BYXW419,,,,1.0,0,0,0,0,0,0,0,0,0,0,0,0,0,0,0,0,15672,15672,15672,15672,0,0,0,0,0,0,0,0,0,0,0
149,TRUWORTHS INTERNATIONAL LTD COMMON STOCK ZAR 0.015,6113485,,,,1.0,0,0,0,0,0,0,0,0,0,0,0,0,0,0,0,0,38152,38152,38152,38152,0,0,0,0,0,0,0,0,0,0,0
150,EMIRATES TELECOMMUNICATIONS GROUP CO PJSC COMMON STOCK AED 1,6322173,,,,1.0,0,0,0,0,0,0,0,0,0,0,0,0,0,0,0,0,0,0,39182,39182,0,0,0,0,0,0,0,0,0,0,0
151,ABU DHABI NATIONAL OIL CO FOR DISTRIBUTION PJSC COMMON STOCK AED 0.08,BYVGM64,,,,1.0,0,0,0,0,0,0,0,0,0,0,0,0,0,0,0,0,0,0,161563,161563,0,0,0,0,0,0,0,0,0,0,0
152,NOVATEK PJSC GDR USD,0H6366S,,,,1.0,0,0,0,0,0,0,0,0,0,0,0,0,0,0,0,0,0,0,0,0,0,0,0,0,0,0,126849,126849,126849,126849,126849
153,POLYUS PJSC GDR,0H6381S,,,,1.0,0,0,0,0,0,0,0,0,0,0,0,0,0,0,0,0,0,0,0,0,0,0,0,0,0,0,59546,59546,59546,59546,59546
154,NOVOLIPETSK STEEL PJSC GDR,0H6378S,,,,1.0,0,0,0,0,0,0,0,0,0,0,0,0,0,0,0,0,0,0,0,0,0,0,0,0,0,0,365735,365735,365735,365735,365735
155,JPM USD LIQUIDITY LVNAV X (DIST.),7253766,,,,1.0,0,0,0,0,0,0,0,0,0,0,0,0,0,0,0,0,0,0,0,0,0,0,0,0,0,0,0,2068104.66,2057702.13,2097857.99,1851004.17
156,UNITED CO RUSAL INTERNATIONAL PJSC COMMON STOCK HKD 0.656517,BNGCVV8,,,,1.0,0,0,0,0,0,0,0,0,0,0,0,0,0,0,0,0,0,0,0,0,0,0,0,0,0,0,0,0,0,4198000,4198000
